polled_at_et,fund,as_of,status,trigger
2026-09-30T18:33:55-04:00,VMFXX,2026-09-29,unchanged,manual
2026-09-30T18:33:58-04:00,VUSXX,2026-09-29,unchanged,manual
2026-09-30T18:34:01-04:00,VMSXX,2026-09-29,unchanged,manual
2026-09-30T18:34:06-04:00,TTTXX,2026-09-29,unchanged,manual
2026-09-30T19:46:06-04:00,TTTXX,2026-09-29,unchanged,schedule
2026-09-30T20:30:30-04:00,TTTXX,2026-09-29,unchanged,schedule
2026-09-30T20:54:29-04:00,TTTXX,2026-09-30,new,schedule
2026-10-01T02:54:40-04:00,VMFXX,2026-09-29,unchanged,schedule
2026-10-01T02:54:44-04:00,VUSXX,2026-09-29,unchanged,schedule
2026-10-01T02:54:48-04:00,VMSXX,2026-09-29,unchanged,schedule
2026-10-01T03:23:48-04:00,VMFXX,2026-09-30,new,schedule
2026-10-01T03:23:51-04:00,VUSXX,2026-09-30,new,schedule
2026-10-01T03:23:56-04:00,VMSXX,2026-09-30,new,schedule
2026-10-01T19:46:27-04:00,TTTXX,2026-09-30,unchanged,schedule
2026-10-01T20:29:15-04:00,TTTXX,2026-09-30,unchanged,schedule
2026-10-01T20:53:05-04:00,TTTXX,2026-09-30,unchanged,schedule
2026-10-01T21:20:52-04:00,TTTXX,2026-10-01,new,schedule
2026-10-02T02:54:11-04:00,VMFXX,2026-09-30,unchanged,schedule
2026-10-02T02:54:15-04:00,VUSXX,2026-09-30,unchanged,schedule
2026-10-02T02:54:18-04:00,VMSXX,2026-09-30,unchanged,schedule
